eVal,Num_Unique_Sequences,percent_of_total_alignments,
0.1,2505,1,
1.00E-05,1019,0.9726109139,
1.00E-10,405,0.9542396887,
1.00E-15,230,0.9420177673,
1.00E-20,141,0.9293788628,
1.00E-25,98,0.9150528538,
1.00E-30,80,0.9019370547,
1.00E-35,54,0.8877668153,
1.00E-40,41,0.8709029603,
1.00E-45,33,0.8524981847,
1.00E-50,26,0.8331372234,
1.00E-55,20,0.8129327099,
1.00E-60,17,0.7877196052,
1.00E-65,16,0.7524557674,
1.00E-70,14,0.6991586046,
1.00E-75,12,0.6171854593,
1.00E-80,10,0.4981008093,